{
  "menu": [
    {
      "url": "#",
      "name": "Dashboard",
      "slug": "dashboard",
      "id":"#ico",
      "icon": "desktop",
      "dropdown": "1",
      "submenu": [
        {
          "url": "/",
          "name": "eCommerce",
          "icon": "bx bx-right-arrow-alt",
          "slug": "dashboard-ecommerce"
        },
        {
          "url": "dashboard/analytics",
          "name": "Analytics",
          "icon": "bx bx-right-arrow-alt",
          "slug": "dashboard-analytics"
        }
      ]
    }
  ]
}
