{
  "menu": [
    {
      "url": "#",
      "name": "Dashboard",
      "slug": "dashboard",
      "icon": "desktop",
      "tag": "2",
      "tagcustom": "badge badge-light-danger badge-pill badge-round float-right mr-50",
      "submenu": [
        {
          "url": "/",
          "name": "eCommerce",
          "slug": "dashboard-ecommerce",
          "icon": "bx bx-right-arrow-alt"
        },
        {
          "url": "dashboard/analytics",
          "name": "Analytics",
          "slug": "dashboard-analytics",
          "icon": "bx bx-right-arrow-alt"
        }
      ]
    },
    {
      "navheader": "Apps"
    },
    {
      "url": "app/email/test5",
      "name": "Email",
      "slug": "app-email",
      "icon": "envelope-pull"
    },
    {
      "url": "app/chat",
      "name": "Chat",
      "slug": "app-chat",
      "icon": "comments"
    },
    {
      "url": "app/todo",
      "name": "Todo",
      "slug": "app-todo",
      "icon": "check-alt"
    },
    {
      "url": "app/calendar",
      "name": "Calendar",
      "slug": "app-calendar",
      "icon": "calendar"
    },
    {
      "url": "app/kanban",
      "name": "Kanban",
      "slug": "app-kanban",
      "icon": "grid"
    }
  ]
}
